{
    "AAPL": {
        "from": "2026-03-18",
        "signal": -0.012141654293345487,
        "close": 249.94,
        "sentiment": 0.1617567177183421,
        "recommendation": 0.3541666666666667
    }
}